env,block,prior_mean,prior_var,recovery,grade_true
0,0,0.4911498114245113,0.2557385112503926,0.7773663810166227,0.7229733006236139
0,1,0.11548597256484058,0.026059695560241476,0.9214004925546071,0.07863729638550693
0,2,1.7047700767264247,6.047473368807614,0.6376826907379066,1.9752137622100945
0,3,0.7736140497369303,0.5784169910990669,0.7423138221631389,0.1337629825382978
0,4,0.05398824589085497,0.005593700585964173,0.9552942072449766,0.03220558901383833
0,5,1.0869472896713155,3.039996635511968,0.6138524202258818,0.16751606561218754
0,6,0.06484434889136034,0.0077192018896044615,0.5540882620444948,0.017263973459326534
0,7,0.3657061931017916,0.15446720364566446,0.7132497965710768,0.3544474935558451
0,8,0.7067155586285716,0.4131629788443964,0.67854442024302,1.0301808666299073
0,9,1.9455842628714382,8.891239779919207,0.8330210903906545,2.236929144052396
0,10,0.4812332625748181,0.16173605442217734,0.6679423870164053,0.3218129271352258
0,11,0.2056949804225591,0.042893525653291534,0.5924038577884639,0.7474163509131219
1,0,0.7324757969858667,1.7359193754790851,0.5827654127351601,0.07757510621351019
1,1,0.12068765114578175,0.014691248142935218,0.6275053531874649,0.050517549471426566
1,2,0.0891336310028725,0.004093920085192311,0.7609670230294845,0.11575317416134848
1,3,0.12608965123865823,0.026744255812002873,0.9612224191602399,0.0506582264746632
1,4,1.5517324933113879,6.532786340431851,0.6914877731712336,0.8598327809744648
1,5,0.06823340834734422,0.0076822961330286705,0.5694954001576509,0.035487709384518146
1,6,0.2402407496794946,0.15195977700203941,0.7220454927018586,0.21693206379960261
1,7,1.1628273828650257,3.0583478897365364,0.7372753464642321,1.3816276382071415
1,8,0.4701292427415339,0.16050367544508906,0.8474467815450298,0.17673992044441444
1,9,0.29412909809269366,0.08824045318525184,0.5948825612443374,0.043748113307195025
1,10,0.099632022112061,0.009632255151869567,0.9694398902393013,0.0885677551430599
1,11,1.3073417984492641,5.439835996855596,0.7804446222751822,1.1391851500472658
2,0,0.2652814848780824,0.11912453197628524,0.6949664103238008,0.26983340580395443
2,1,0.5688322716541999,0.756129744021796,0.7231610247100804,0.08321725559659736
2,2,2.928585474182686,14.775623804067266,0.6717229209996727,0.5695834086108728
2,3,0.05754448175723822,0.010978881957827435,0.6163922862483925,0.09943928475481668
2,4,0.15102078514160971,0.01806940298629914,0.560216404890014,0.018959347587216985
2,5,0.1406433449814807,0.051160075489802795,0.9485435423640398,0.029833621960354655
2,6,0.14739503462289336,0.03359476411514463,0.6797143854904832,0.36480383058509874
2,7,1.3226312755046994,2.6653299144218834,0.7509385516856764,0.4511578878307204
2,8,2.241103070764686,4.639557894774125,0.6127737873148427,1.6404767264220048
2,9,1.1186532980552357,2.545911976185965,0.8236838847035579,0.06893793387943603
2,10,0.32770871733302465,0.18391156154121696,0.6380966920342424,1.8583714017684476
2,11,0.09098738187557359,0.025244562892718952,0.9638080931554234,0.019839613407629336
3,0,0.1138385019045973,0.02654330076508801,0.8734085305207131,0.04160988477941751
3,1,1.1887494166002914,2.4692791792058557,0.6105011330398927,2.023949153475378
3,2,1.1087419434278876,0.7972535295740693,0.7803008837568732,3.237689271575416
3,3,0.5056383574469351,0.17654788762763762,0.9101290952135165,1.1130375972944406
3,4,0.4050674678819627,0.1404939580021321,0.9368745836680462,0.8452566160913108
3,5,0.10038473247709002,0.01714870452079878,0.7932344380127395,0.07350770491724151
3,6,2.958835973811657,22.12341539021064,0.853044599272192,4.261637733239835
3,7,0.8161089322192996,1.2368524437106339,0.8044434658646304,0.3873531396438216
3,8,0.11423039739314302,0.006766193561264802,0.6448867050075004,0.147775639528053
3,9,0.9003731564983135,0.43424425657567234,0.8344135693558424,0.702631095082945
3,10,0.45998793105475705,0.2510145919980003,0.8011813484577162,0.13165429582744373
3,11,1.8585843387429972,8.725323318166884,0.6972431364950018,1.323198992935129
4,0,0.05019328098345389,0.006560502598357251,0.8168897360889347,0.028498068243384564
4,1,1.9589929323018596,10.082082518300213,0.9047444077770705,1.7441316048147697
4,2,0.8322972421248793,1.536509769801699,0.6896162698702302,0.35977679920778943
4,3,3.435457467798074,8.964961775498779,0.587621933429088,2.913972394818762
4,4,0.058509246928872785,0.0025631057048306556,0.6417736473686053,0.050564964130320245
4,5,1.6670960450438714,7.040879038729597,0.7274345412860237,1.1485649932134432
4,6,0.05762515427867859,0.002140940674044638,0.7775128615168627,0.11626459364555099
4,7,0.21322902586093864,0.05583949147651017,0.8874044071707303,0.1613729585832334
4,8,0.6523170571502956,0.4776756198557883,0.7209968019454484,0.36560562880421615
4,9,0.20436795282671352,0.045243750659082774,0.9734338156837501,0.34429689528410773
4,10,0.6106434736087345,1.2274345901133366,0.7922753576297327,0.23649116647986418
4,11,1.5322607816830098,1.2634777522912701,0.7553336000064834,3.2214993861258594
5,0,0.07168701373120918,0.0029313084723513374,0.9089608715539571,0.029594584992318835
5,1,3.612100865404944,31.96920914810994,0.696201586656966,0.7969359739328252
5,2,3.1377160167380103,23.74419587759917,0.7422369763413542,1.2617076842607748
5,3,3.2672619992536664,8.67169592490276,0.907717355922776,0.5744464325819414
5,4,0.4739647906676258,0.7176938464392204,0.5738071969656239,0.06844421541864999
5,5,2.2230620380153785,5.242374643507747,0.6413794932767501,0.6764178221944444
5,6,3.09426334861583,12.872364752508183,0.7729991140705876,2.695666018308289
5,7,1.5523146970530968,6.900023744545409,0.9039063655843946,0.29116273803471676
5,8,0.09283928252268199,0.023468803724667912,0.9091933406247918,0.06557954290344864
5,9,0.26636895756600126,0.1372003425589875,0.8373553616798604,0.14001198441101703
5,10,0.3390485784215576,0.3046322170859069,0.5665787499813171,1.2100603083433026
5,11,0.3814582294051356,0.21407302422320093,0.9569250269535268,0.6438057154927868
6,0,0.21885768997694802,0.051068262159244475,0.893901038151268,0.17395464634141072
6,1,0.21706564065839407,0.07273453585311047,0.7602466205607398,0.06311407804336686
6,2,2.1936538987298726,3.7090972886245135,0.8918237105703499,0.44239520721021425
6,3,0.0545713190521567,0.004657902545217413,0.660939769765529,0.02962685061973292
6,4,0.07243860106439243,0.012638592313085905,0.6327119253920762,0.006161341312294632
6,5,1.3268726022037913,1.7284520008642417,0.7557683426831479,2.124956731737329
6,6,0.19378281001558648,0.07754499687598806,0.7138932309517914,0.14961322539701252
6,7,0.055014125319475145,0.0023716069032434827,0.6713916213127008,0.04678915746588851
6,8,0.20132295043826529,0.06434146429910328,0.7704977318675215,0.24071113549344048
6,9,0.13792315344804762,0.011441981924128455,0.8465833446474882,0.06923526316113958
6,10,0.06091819906055827,0.008875271316128797,0.6177122988782084,0.057210359189370216
6,11,1.1245688743312094,1.4675762822452625,0.9106985046327164,0.6598177323733374
7,0,0.06831521974540727,0.0033084177769626064,0.8031920812121681,0.10400676820467242
7,1,2.528582759949938,9.055266501770852,0.5684723691110736,0.7955034286948033
7,2,1.789515763568429,4.2545753581676955,0.9682148643323994,1.5115534075833323
7,3,1.9213450158676886,3.899786817612525,0.6945327447834369,0.3342576924416301
7,4,0.805402231296853,0.6526434625185927,0.8724590677466806,0.9089167577655853
7,5,2.189812126977798,3.916893816606441,0.7032627425213814,3.544535190492942
7,6,0.12131202215776653,0.008521335040477786,0.8736884682646141,0.05782858531149256
7,7,0.7160986822984905,0.8228361945912152,0.9462429902979839,0.639385917921977
7,8,0.2202948591287308,0.07452064424929151,0.6244759668160857,0.17363611176439908
7,9,0.780067312578125,0.5472991227848154,0.8571084914841876,0.9514073000582262
7,10,0.8113488015926159,0.4544869940111913,0.8251270521534525,0.34803272393437157
7,11,1.5227707491254998,4.566136892426884,0.9100314210164542,0.25421145258935796
8,0,0.10405597822591721,0.007718505182798416,0.6312572747951277,0.07081993062879571
8,1,0.11994830494639631,0.021638305067365794,0.9305576930407715,0.12497002551654668
8,2,0.3066734128678825,0.1700221940139965,0.8611082933189425,0.0522743044501592
8,3,1.1257085439011418,2.6105385502191387,0.6484928863708368,0.5662140784208006
8,4,0.06131068251526535,0.006441451161101149,0.9471865144107938,0.02617894984631535
8,5,0.08221558845287848,0.01011134841578986,0.5693890785075076,0.16483443242912038
8,6,2.4732998133601236,17.9690493801276,0.5647537168838879,6.2319779965022954
8,7,1.7201643640187543,6.944427430907775,0.6316947657859169,2.2591612626283233
8,8,3.469339717182148,16.980731390283474,0.6301870471462608,2.8695729584227907
8,9,1.6399654215237502,8.597818732133742,0.6972536091746651,0.5871999472924607
8,10,1.8507954298857827,3.1270661142747667,0.5510863395695043,1.8871079045921306
8,11,0.05639771077004016,0.0019416875319631646,0.804268946672218,0.02259513032549811
9,0,0.06404650979762809,0.00735395674209909,0.9051137251652901,0.005869996820473915
9,1,0.7209563222010498,0.5962016418538757,0.8215359206250137,0.43495958956450076
9,2,1.4081244574438805,2.616610424282255,0.5549161047523067,0.6708625477603707
9,3,0.28586463455080274,0.06735746010281192,0.8079876631192369,0.3498815007518774
9,4,0.49007257010218813,0.6951014327444038,0.5595528037945304,0.5668849406597027
9,5,0.19261651995705836,0.024562259417221087,0.95754762390339,0.0956074161894218
9,6,0.5475568300839241,0.15866283224537253,0.9246273801298176,0.40388141587797866
9,7,2.067351835808521,4.270087988326463,0.6571856212180731,0.6537911076867029
9,8,1.3007467980291567,4.918001428367521,0.9234283285193368,0.6580180771476166
9,9,0.1982735904934703,0.04843322929139472,0.6555916287702194,0.9537905347730018
9,10,1.8940694250093932,7.0992197722903505,0.7410660397470226,1.0822452975720567
9,11,1.5840572167555809,6.6618775352810875,0.7753700883186442,1.2494841501911682
10,0,0.07581390502712618,0.006933004045726319,0.5860799702157491,0.033310115848835184
10,1,0.8512796307069663,1.4718627646300604,0.6228453833889822,0.2538967371667546
10,2,3.543351550030148,7.723245201473075,0.6630713878718862,2.5221776630967505
10,3,0.08268509888742462,0.01924428005820191,0.8574294693705325,0.013576942712114898
10,4,0.2842565435713585,0.117820812942436,0.6473856947859692,1.0713385465988259
10,5,0.08966110877439255,0.016659915491306278,0.9687265766193663,0.09186060936205072
10,6,0.6490471049865334,0.2462027524400877,0.8955700649587449,0.44079823261600576
10,7,0.7243981770904785,0.8842054832035944,0.5702287807258322,0.2163972694337354
10,8,1.447914158178911,1.3217669509114884,0.9654299956667509,5.6981723695268105
10,9,1.6513462760180295,2.5527668618591135,0.7654983114320681,1.1619650150360024
10,10,1.5800689015806793,1.3343554857594988,0.6394928219488523,0.7001821635037196
10,11,1.6101410251037287,5.018165159188196,0.7897381106388196,0.1600964978740052
11,0,0.17365414059923384,0.03452405871320041,0.5942075820170495,0.2781179484180394
11,1,0.2856008629907758,0.12277470698141012,0.8386199927348752,0.11971238526830731
11,2,0.05049020403372303,0.0017051965803443706,0.7682914615403791,0.15239208665596274
11,3,0.7095444817714002,1.6415710866584048,0.8136115111400541,1.2911959905780384
11,4,0.2622184369002883,0.06726995814958615,0.8368573478746691,0.029783600842054232
11,5,0.1016977161450191,0.018146303134593204,0.5954341161023068,0.03054098793050731
11,6,0.18192717978277745,0.023354362612483928,0.8708487270962129,0.11928407711291122
11,7,0.6442214345293614,0.4682390529839226,0.9176793593374706,7.392600268319969
11,8,0.05635169796721589,0.004576048891421237,0.9174722806618344,0.016642175182080988
11,9,0.11118339979393518,0.03494250767321157,0.7313069195492836,0.027877467872982942
11,10,2.934391657336681,21.484908296603663,0.9726608296052455,0.7974010342449723
11,11,0.41876567139247733,0.16834683865769695,0.7590395814434114,0.5714371405721193
12,0,0.19139273513887137,0.027768218380863192,0.762302357783881,0.043021343881542586
12,1,0.9223202502378403,0.9477150234145981,0.6388842408240225,0.5499678995167385
12,2,0.21118561822111814,0.044029622714625086,0.6827604427532111,0.18284401535479988
12,3,0.21868357063253857,0.1223900513463819,0.6555145981470867,0.07663069803050519
12,4,1.6916209060237186,5.371625597895749,0.623249764425504,0.3119894867086673
12,5,0.2532867780557844,0.09569883727082344,0.7657265364739141,0.3141976074676383
12,6,1.1358320414168126,0.8718511714196719,0.6200636173659408,0.3988563623958905
12,7,0.4089234609066846,0.25903016082273644,0.5927293448575042,0.07283050223647593
12,8,1.541716441030496,7.4091256811303525,0.5938216517778316,0.3897566811367426
12,9,0.06314958771649029,0.0028479299205908413,0.6738492474619889,0.07893206346283009
12,10,0.10673741021858892,0.00610736218473268,0.5921178097916568,0.06334659993061938
12,11,1.2971634191292962,3.272864175458142,0.9019658994836304,6.4178801375269785
13,0,1.6254047186088076,7.581059420773223,0.8562088023071646,0.6780751962809514
13,1,0.14282334361185772,0.025165603491037362,0.7863218163180443,0.06408018627586574
13,2,0.43938136525022214,0.5497716286350123,0.9561356581239125,0.054906798751496795
13,3,0.6802972876942965,1.0124156173564653,0.8113618970006371,0.11237692298359983
13,4,0.7136814271142681,1.16407157569232,0.765285072304403,0.13683620383565304
13,5,0.5573041549109584,0.7952589464272016,0.8497361160259913,0.6869191384215383
13,6,0.16864888387758759,0.06987513128261655,0.6285344936810346,0.40789281293445523
13,7,1.807233222796655,4.490366032019267,0.8476226222361021,1.0663348068215734
13,8,1.177149158304277,1.825819595699454,0.6514330937706352,0.8568401166558849
13,9,3.4736139348602775,37.94767787181531,0.7388051142555361,0.8015908673715487
13,10,1.8978525120375782,2.4726076683231155,0.9345501476289915,2.8343768040363417
13,11,0.16520908180702654,0.038165048877823855,0.9476573391335574,0.09696845518843285
14,0,0.3371408449503771,0.12472003905896036,0.9126308088650346,0.46445169856443996
14,1,0.8534527841369828,0.8012074764276548,0.7499736216300836,0.3997681198445359
14,2,0.22043715666308694,0.05976195776306684,0.7792060618445359,0.43216727342721706
14,3,3.2179371945376762,12.791668120052123,0.6762359110514413,0.8478952135880066
14,4,1.1253372284159182,2.334589362907943,0.7403533078250952,0.42379907034002207
14,5,0.7252078839083104,0.7527814870804778,0.9221800366900084,0.12927060017565684
14,6,0.9951415691136055,1.3559083587709146,0.789842027035585,0.2837338524582281
14,7,0.1291600679384911,0.014829544970229022,0.7679407989785747,0.22913220245156263
14,8,3.30712245298185,8.864210104747169,0.8564018609747869,9.888552239398212
14,9,2.8105479911034448,5.081713240434883,0.6562653575873096,4.002404209491492
14,10,1.0689530044648134,2.34271240505014,0.633283809538109,1.2911840487259236
14,11,0.05314136748122708,0.007839796889386814,0.686492054195974,0.23714939182155403
15,0,0.2420458699688574,0.061731326354157706,0.5631104785403733,1.0633679141785601
15,1,0.09505567356437103,0.015462814633272986,0.689525944934215,0.11132740735342724
15,2,0.1539635795241315,0.061964245417901256,0.9022489844411716,0.2821271709919926
15,3,2.0137808772685486,4.140813725781287,0.9344667085697127,0.4142481463916562
15,4,3.4954163747341105,24.81824005509096,0.892114041386115,3.562949070295948
15,5,0.7921186739318805,0.3898898346517198,0.8889069975886752,0.953732218224031
15,6,1.6925089021858688,2.2462711236269404,0.832856552216861,5.202557183603089
15,7,0.13636398887594522,0.043861138823829915,0.9324642176176332,0.032051886106244265
15,8,0.34924582778183,0.1421128508436817,0.766016956711965,0.06375609513610356
15,9,0.08501707857780817,0.003971259619486223,0.719725979670466,0.09292538613210304
15,10,2.571404329277627,17.099130186479478,0.8079662624699204,1.4408413371885282
15,11,0.0572067504671149,0.004967933863120666,0.9771859752507739,0.03574918834015431
16,0,0.13578710498698351,0.02653727682125481,0.7284333877980426,0.04690514376242264
16,1,0.41701971544166605,0.0979256186671888,0.8624837520281075,0.2443986813261197
16,2,0.23650231711211753,0.18232287227548538,0.8832392305599153,0.014321777962040783
16,3,0.06427006843207313,0.008743957429382589,0.9051501135283806,0.006085238551837795
16,4,3.782413748771078,16.508113830349203,0.5880045037970081,3.0388775727024195
16,5,2.148801952236617,4.032136681957092,0.6183551548398611,2.299696951682147
16,6,0.05744478283889804,0.0021344250184316357,0.6372558379940507,0.08157036636151878
16,7,0.7964062179821135,1.0067346748062165,0.8604729589252229,0.8301273567275732
16,8,0.12103784902200657,0.012844971728151753,0.8360776297981297,0.12664178305178445
16,9,0.19662918641342764,0.030066270785378255,0.7710243916398525,0.1401458945355861
16,10,0.12818493414479792,0.010622358286373586,0.9645914532914863,0.10047172472597542
16,11,3.4467579814907956,7.948059764808152,0.7815811798589394,4.6424158229148516
17,0,2.7968941624408816,5.489443258653215,0.813304722418529,0.6200973971674189
17,1,0.3929646319735755,0.28314541378646807,0.9336010330716313,0.10067330725075718
17,2,1.7035944391934434,5.207264803855903,0.8385745441156084,1.29390766117503
17,3,0.06801829529526499,0.013692404320294244,0.6690733233733848,0.006521561740299925
17,4,0.059062955716849816,0.00635856263344595,0.6748308754856163,0.04083142111967847
17,5,0.0716854518905081,0.0027474839993985615,0.667822560809634,0.044874558004548835
17,6,0.07892633941460035,0.009817540910173693,0.5846511879064933,0.24728592878038744
17,7,1.4943177599071593,4.9290690216979005,0.9341681253117542,1.023846690089247
17,8,1.6703793557629423,7.776648884835879,0.8563187859125878,0.1661001944212791
17,9,0.06868360804648108,0.004040545536022814,0.8731881595666047,0.1838828482050118
17,10,1.035832860337198,0.5516488942522739,0.9251793823364904,1.5351532349351034
17,11,2.798304706156914,5.024435157346237,0.6128062950378211,1.2242977334506204
18,0,0.6750854288444486,0.6408427190832346,0.6743211394856821,0.30128150225671374
18,1,0.6908561002342374,0.6342936220985735,0.840246993304042,0.32688712776904477
18,2,0.07181020008637992,0.004949378582063716,0.5568809562527951,0.04851140748051866
18,3,0.07636174788015475,0.0035743809739572016,0.7239249278581092,0.036634630190070835
18,4,0.2107562395797483,0.07144953187410114,0.6385865087911013,0.06694846396793452
18,5,0.18490077366041954,0.09186790001524178,0.8980573495795198,0.03386460796050164
18,6,0.12920621927781803,0.0456037848544808,0.6776191963935275,0.02508935861714709
18,7,0.3766156280277603,0.14896374851462557,0.8825606997304797,0.5480654725013402
18,8,0.12634025468980725,0.019903440793431874,0.7758439875265603,0.05353530112177586
18,9,0.34708169433420905,0.1449597607655705,0.6614949359738469,0.08127938456221603
18,10,0.07850047273760521,0.004938704609333298,0.852207009271085,0.010827707385987066
18,11,0.10818985075711865,0.007877768086270125,0.5617477289949541,0.15425246876885162
19,0,0.12936039614613967,0.026315864264573507,0.6412739519329882,0.039815741950618155
19,1,1.0974677351005695,2.411171007165335,0.7692418909839289,0.10747219571866416
19,2,0.9601667123980773,1.2718469118631923,0.948603254547215,1.4257897151276286
19,3,0.08050327877156278,0.008064849861417756,0.7715620097879811,0.19826550718773955
19,4,1.5815031094490501,2.085599477533953,0.9782998770190245,2.143833359223925
19,5,0.13420535463137745,0.012317518172994004,0.8455270981994663,0.03734866895281084
19,6,1.5367401579176418,2.6248160663868947,0.7941855784937785,3.428240567854619
19,7,1.1080003897525716,1.0813691465917195,0.777699736922713,3.4755943471390474
19,8,0.7857117638466927,0.965837363046035,0.8569721539505806,1.2350099955095961
19,9,3.2258649057792153,5.425384073964574,0.853557145897368,0.7568693985325864
19,10,0.4071287540103753,0.2966062669532348,0.5761744889572582,0.2623210761651215
19,11,0.05770663833277954,0.01022134112651755,0.7045798325000674,0.026714594543286244
20,0,0.6313768328464275,0.7757709021841199,0.7604717197699505,0.0644617627592807
20,1,0.5406756002874639,0.2568799521183676,0.8722010915960665,0.17111139444790782
20,2,0.056673993909799304,0.001992018908432864,0.8642000106921293,0.03226999743667062
20,3,2.2611041076996665,10.818112400357705,0.9516710024342587,0.9505605075540748
20,4,0.10862066731102105,0.012344126159434702,0.892937741387042,0.07599318703021775
20,5,2.2786881428497425,7.174435796518776,0.8840316676002893,0.6210384958139407
20,6,3.308147031029813,14.133282002893624,0.7038264460927234,2.774828076398209
20,7,0.3992687057634161,0.1683092423327398,0.6924368488324436,0.14763513855822777
20,8,3.6178127973197287,10.669412159065955,0.9217869993547554,0.7407630667936042
20,9,3.552052315281189,8.357411817570183,0.8255692782905182,6.721257375953189
20,10,0.07253153625208748,0.01616729139565064,0.7693275151939502,0.02422442746896389
20,11,0.21238914499604905,0.12697770691152827,0.6473046822528031,0.6512866064693973
21,0,0.25790771256570255,0.19019242633817598,0.8525114890013623,0.017321803595617965
21,1,0.6232267415005184,0.5679326780597658,0.9608764785090111,0.047567587331651125
21,2,0.5004854119327663,0.4890214398267767,0.7586892578437376,1.7106187285939114
21,3,0.08171089405430505,0.005507467121883709,0.7238625547530653,0.018569949769661254
21,4,0.2527430586796034,0.09181569188154282,0.6216533843974458,0.20971367798322654
21,5,0.08975503244421017,0.004218733864614745,0.572747050269973,0.08568838575583176
21,6,0.26841785511943383,0.03808811226855405,0.925442505504249,0.3021295913088965
21,7,0.07216658121009072,0.005462692887413748,0.8932302726163736,0.03601312761702729
21,8,2.828800172988865,4.773631511490949,0.6002521058190216,1.349989838676342
21,9,2.844648615448734,11.977068356637968,0.6290491688938518,0.843983195005148
21,10,0.07020571875881937,0.014963728488934284,0.5553199191740213,0.04139073127036242
21,11,0.5027710857640988,0.2953050634553602,0.7075819687193483,0.5990407620927954
22,0,0.05011552196185425,0.0014659922286373557,0.7710664366978344,0.031486192166688964
22,1,1.2947604694080108,1.2522206267854665,0.8730911948604461,3.0835745390793563
22,2,0.27768238456428984,0.04895068535811439,0.87474081767647,0.061591328440035106
22,3,0.09486209382403793,0.004890335450120253,0.8909347877028734,0.24969359769698057
22,4,1.5709633727806978,1.457188130865319,0.7872728328340854,1.7780656041793503
22,5,0.5651284314465693,0.30210569558631173,0.9363568631223039,0.25202090149163825
22,6,0.09991204950456156,0.016315579229799197,0.5784989893801529,0.08598091648039367
22,7,0.06841759542643257,0.0071117089469309065,0.5880592961905251,0.040115809291471585
22,8,0.34516864845425194,0.10797890884200963,0.6914158379276955,0.18891540338040985
22,9,0.06344969179358742,0.002986089457181757,0.7080854712064172,0.024966350113714664
22,10,0.08984049888938322,0.00447937719675401,0.8742621316091567,0.08661910212126091
22,11,0.10267009134335632,0.01511530702619074,0.6609582574302635,0.05254176585617768
23,0,0.22073355478369894,0.029123098148210624,0.5877113682509019,0.2807080667437989
23,1,0.1613255972255118,0.022918672835167665,0.6195104942868754,0.16240584758162782
23,2,0.19169818140182426,0.069379985269759,0.6893015494796138,0.1444346531235006
23,3,2.5684704050417944,12.095331594136288,0.581266432069222,0.3965373348645353
23,4,0.2840107294553967,0.0585502296299094,0.8500052054680378,0.1174816160966806
23,5,0.5324258118104175,0.33487710357933004,0.6512215246098241,0.40938980877730935
23,6,0.1933887373312509,0.08430023810519503,0.6439056682977063,0.045266202478729846
23,7,0.07009782512652932,0.004437234092591106,0.6295026965127544,0.5021864730121567
23,8,2.9537811633937205,17.90587431649576,0.7230223784638528,0.6185256455967052
23,9,0.30160646989929973,0.10849051750533216,0.754997620837732,0.13190038819583758
23,10,0.7239466307744105,0.4039767609319218,0.7970824365658162,0.7119294257355013
23,11,0.14465020395953782,0.015673767186158108,0.5514550547572584,0.38145929333795753
24,0,0.20542067357917654,0.08616043932944226,0.8182032639403454,0.04202309920587816
24,1,0.06010856123651729,0.002240986569177007,0.6494454011659513,0.04200984797220097
24,2,2.0031974913689554,6.018095357040725,0.8009125176328784,1.3208254566517497
24,3,1.2061517584033388,1.0709908164067907,0.5659847451888208,0.17767440229783943
24,4,1.5434567802204204,2.0884876252759663,0.8543291814502965,0.5498527924643379
24,5,1.2419386070331824,2.8145285610286956,0.7380000821623622,0.16198874187635479
24,6,0.3907477441153802,0.20585364230465625,0.8481773445035891,0.1906515625486192
24,7,2.761756061753176,19.777313938842898,0.6304755154960102,0.7391477535510542
24,8,0.22576687387691802,0.1405227260044129,0.7944496812197877,0.6140007551868673
24,9,0.20992584464091849,0.10183024978095905,0.9185308843166818,0.04729246573731356
24,10,0.47204197557635164,0.5163025253070672,0.9539049287237575,0.05757214573403581
24,11,0.4592838975855237,0.2397481703494186,0.9122280474955051,0.18798647941153454
25,0,1.8265444389918668,3.372053511048189,0.6655121003813087,0.7422628913179785
25,1,0.8386477685007063,0.6813214358525768,0.9122656339386135,1.1882518828632536
25,2,0.4356756350957236,0.09600581888613485,0.5867804373949701,0.6717414063436647
25,3,1.6092465393854658,1.675554355916797,0.6856674433607185,4.360199676601936
25,4,0.07195289296466251,0.003646775385537704,0.6973745512970462,0.11118820274187564
25,5,1.6459085351450637,4.758084691001493,0.892701334789209,0.6329868435114419
25,6,0.11091001326021953,0.008591245074534414,0.6410066484227694,0.10645837463645351
25,7,1.6847085867256693,2.8214438423419237,0.6565803780556604,0.43124887821229785
25,8,0.7883680107638721,1.3033688917534816,0.6835433106233453,1.304036004512092
25,9,0.07998054665507102,0.0210028875876913,0.8206175986086781,0.046904941005583956
25,10,3.0204965514074167,21.372059613296617,0.735865621857539,5.76707370866307
25,11,3.14019465505485,27.685446904209215,0.9529980629705982,1.710467336093178
26,0,0.10565699440400111,0.012032418636616062,0.7951397555528597,0.36516336459202325
26,1,0.4304237261836975,0.27125518490215117,0.7279313710999651,0.06024053590646233
26,2,1.424664532027676,2.9464413402933927,0.7209267631663998,2.134673237331676
26,3,1.6006465210981986,2.9937528203971753,0.6242958382060562,1.2618979777099468
26,4,0.061304898340591565,0.010893872354020267,0.8901583441937206,0.011334866306536176
26,5,0.18808997845475303,0.04330636936763252,0.5854030261471536,0.14321004460448586
26,6,0.1242094891275949,0.023248296386744048,0.8271948714426479,0.3656302846636759
26,7,0.11446705528913906,0.039866124237254025,0.9773082165750739,0.01215302219919305
26,8,0.23121657656134317,0.13322978163605215,0.614253589191738,0.017280204751112742
26,9,0.07573266897033623,0.0030717635135660048,0.8692982045524761,0.03202137962402636
26,10,2.1777043796886124,10.39483225585332,0.5918190787790367,0.9365431860974502
26,11,0.40551517767818396,0.38251928450459605,0.8047388450332711,1.5493915179136697
27,0,0.0565207741927457,0.0036655423365216534,0.5678873156906749,0.11328664677715576
27,1,2.0410294153127184,5.287340459129097,0.9311903174454583,1.5852009770756057
27,2,0.14029566666136026,0.023357064699535135,0.9542036590431452,0.09416389264579667
27,3,2.5826513737353154,16.093011033621735,0.709694012299702,16.669713013625326
27,4,0.062222586120117086,0.012751945554470626,0.5531843480265873,0.00910990079838472
27,5,3.1513580266156223,19.122631374038853,0.6467505060879528,0.509427241303101
27,6,0.5008579318589254,0.18590000870412282,0.6167630433779357,0.8472087658865071
27,7,1.9331248560917054,2.111983555868861,0.7750341202003429,1.4584980648060233
27,8,0.06637280017594054,0.0046977455498960225,0.8408693093712898,0.04056672580000491
27,9,0.5553823353572109,0.15938308757663666,0.6585797944737939,1.0682344691954062
27,10,0.988373981766177,1.4805477531003686,0.885212157509587,3.542564548335941
27,11,3.718781490095952,18.62685920434812,0.8633384186456937,3.8187918902618696
28,0,1.7873804842226517,5.120005726279548,0.9103504253111583,3.6076355840489636
28,1,0.3999470558292485,0.08218744184786303,0.6551829768223443,0.2185254706506044
28,2,0.4258831721482434,0.3653161787569503,0.7224059295755669,0.06328061433170468
28,3,0.16563289042290116,0.016562403272532656,0.5912480026616713,0.10722536493107362
28,4,2.431980016511296,4.3520564192081785,0.711226532079922,1.2680832820881363
28,5,1.3828756671597366,1.2211103579912088,0.7255612489985692,0.7984886963641864
28,6,2.82839422878753,21.128140655169144,0.8808914797837504,0.31231982927043367
28,7,1.0790215027527081,1.4880049320993203,0.6064513297713375,2.467547830521292
28,8,0.9965142581627858,1.2309465828731057,0.6167859152176689,0.6398116083669859
28,9,2.2332218196469604,10.357641991281646,0.5689766514257051,2.345080606656126
28,10,0.09192253326525075,0.021412631603990227,0.9445231789929149,0.08109218231639527
28,11,1.135256176264436,1.547430785497918,0.5570793673557333,2.740435716817214
29,0,1.9562870247561122,2.677439275153971,0.7809860114775449,1.1631541653337472
29,1,0.14143319196410573,0.01398596689067548,0.9244140596018271,0.02388900482926976
29,2,0.12164761887410648,0.01534519079489452,0.7931521703240132,0.030792856890466142
29,3,3.7938681337497204,31.65891282716905,0.92075456632345,3.314019275456429
29,4,3.509884201927696,10.350501077682214,0.6071634251215782,0.5343274821596696
29,5,1.7488378230927564,9.658264636466154,0.669898949433577,1.4529482262538664
29,6,1.8651434321008127,8.280761104342318,0.8734046204690828,4.51185850890998
29,7,0.7152593862118144,0.8757173272113054,0.7167008448989275,1.0151081066552818
29,8,3.402823738416565,19.562508218812603,0.6481957141793506,1.4598054879053062
29,9,0.05318202293301561,0.009207287624912987,0.7012987483401817,0.07742399043997338
29,10,0.6064230209235714,0.5856236490005282,0.6562620286567595,0.08462361422899496
29,11,0.0992171233392424,0.029119621419180137,0.8036936391412566,0.02774261884846089
30,0,0.14117081895790753,0.0633310580152537,0.5550261913606425,0.8573445296598625
30,1,0.09367994339706913,0.010603442848673936,0.6291815752079265,0.1440922700653913
30,2,1.460114698102342,3.1135257404962298,0.8142112288546396,0.37615948807545696
30,3,0.09977253759162198,0.012837835607354815,0.9076732166730559,0.11055532581455349
30,4,0.18476959077258387,0.05236448214673707,0.7336446858311285,0.26540881262030014
30,5,1.1970387148634873,0.7867641404410375,0.7808506840522935,0.2930138140765016
30,6,1.6832879418623394,1.548735693966461,0.743357061885389,2.3186774495455986
30,7,0.7813199206546715,1.3055694068220425,0.8406886624173485,0.7841729353955631
30,8,3.039455201823338,15.045176228894121,0.5530875465303385,14.065332318875406
30,9,0.17684943254168534,0.02875714354070933,0.742567476670497,0.03232127675343209
30,10,1.9707456459661516,3.3855136449742673,0.85447644992709,0.5165560550042735
30,11,2.587554993712678,6.554107713366749,0.8264999466948815,0.40490078521311307
31,0,1.0398894317770897,0.5939308281797264,0.6353386660466449,0.676223468814766
31,1,1.1221333415318646,3.7871575524822547,0.5538029972694337,0.1286011403150503
31,2,0.13232648195031435,0.043413720884411915,0.5875627738835917,0.011603961626701293
31,3,0.2642703759004074,0.04223866218158574,0.7451688128996952,0.08416231736924489
31,4,1.2046888542209644,2.4135316028287055,0.856464577053295,0.3233554356403467
31,5,1.781569808220326,5.921901824025415,0.6020736336368383,1.4903634858968506
31,6,0.7416155092218434,1.116064220420406,0.6534149169138763,0.7879275150057281
31,7,0.9134072208057384,2.1332434027322007,0.617699798786223,0.261480415240346
31,8,0.9771142020330668,1.0280286439860786,0.942024944819743,1.1253178008508768
31,9,2.0011475351146433,8.762393039928007,0.6892647969632641,0.6166154673084787
31,10,0.19047387598423787,0.04073657138917753,0.7211689614343304,0.8107497851880574
31,11,0.6653558388699249,0.5254525013229532,0.6848954567348419,1.2757035615192838
32,0,2.3409288904890477,11.70285138224332,0.5646921724370532,1.6323538703884806
32,1,0.14841772712952242,0.01791088001237836,0.7498322123701404,0.11820939213199981
32,2,0.06127234639510675,0.0050399967030267424,0.5883412328534459,0.020499350414932248
32,3,2.4614360363791974,17.225601843065498,0.8688157203817443,4.36074987133376
32,4,1.3657787644131378,2.1704289880104985,0.6024067363140839,2.4957502739605384
32,5,1.127294489153659,0.7723102296746347,0.6044820927512413,1.4187012591557917
32,6,2.9917254012478685,15.940413510522331,0.6134282265161433,2.730804976369442
32,7,0.6541481706974815,0.8072747347682154,0.5912284525830588,0.38793734711113037
32,8,0.6095230539687709,0.22437154762735184,0.9496837745032316,0.26202951998003926
32,9,0.0934528087937629,0.007987712852849903,0.768423542605599,0.4844853467370945
32,10,0.14722588019435634,0.06288711733004285,0.9423354217034494,0.011298860203342661
32,11,0.7839964704354893,0.6930131103683713,0.7275207411078995,1.6136284151453086
33,0,1.8836117110093311,2.257310146712537,0.8101645503386907,0.8425003247852837
33,1,0.17668586312406512,0.049009853496698175,0.7971046756536909,0.037839597825302246
33,2,0.11064673441938032,0.02002970638529108,0.8303743884248724,0.022008370710418383
33,3,0.4870684794207401,0.1640823318865579,0.8728833785778463,0.3194450507831948
33,4,0.17677661281587637,0.058420137230398746,0.8971238871901908,0.26075276760205085
33,5,2.278529601338189,7.965984747406428,0.9731454592380946,1.106083460467649
33,6,0.07585337938863476,0.01668808075350175,0.8339607271408517,0.753831262823098
33,7,0.146747143078533,0.02473268521850858,0.7472826850860795,0.16211360936081226
33,8,1.8579250856068317,5.737718308893637,0.7009173441850235,3.0590989692285233
33,9,0.5964686023355861,0.5411228808013102,0.6405985413044174,0.14104358075271925
33,10,2.0734506363245417,3.0750393834738743,0.6797608711814505,2.660849932299313
33,11,0.1293896777188914,0.018361941857709684,0.5506456434706211,0.09600385143602086
34,0,3.668559316027805,33.04716461010301,0.9127707956157518,0.34863277406430915
34,1,0.09271380114241479,0.02425900054050289,0.8418371732070679,0.03168581340815885
34,2,2.6717716756410756,3.8937446498916506,0.5934009695338601,0.8115765924109377
34,3,1.1378550591349759,0.6943457101440313,0.6872596005754213,0.2872434747568494
34,4,3.683734923966985,40.309956814713146,0.8540304428732471,1.0308282556416593
34,5,0.1372651082368765,0.03192244393536567,0.8239055954598271,0.06023848061392573
34,6,1.8801782451722773,5.423963012086945,0.7926518697565944,3.017048257890276
34,7,2.216473062316016,3.3116975051027664,0.7156882834901436,0.6109338341596162
34,8,0.15838229157002603,0.015598986860831932,0.7745636345204567,0.07708245572180933
34,9,0.19241727617655646,0.0375132953337235,0.8640862513804757,0.43291949088477144
34,10,0.05401608423688508,0.0050078680198178994,0.6743833403654383,0.09821396238218282
34,11,2.563472431430919,12.319617310822487,0.6416905376122571,1.613601525489057
35,0,0.20311891402319587,0.06686270506905073,0.8639548083267586,0.1958441058451657
35,1,0.13898428776126415,0.015229782679794083,0.779544902242399,0.153111734162886
35,2,0.05994429730556703,0.0024270848017514377,0.6742597977240457,0.0689686403256867
35,3,0.9428855314921253,0.7871721164404263,0.8970704563595217,1.6838285438750393
35,4,3.011002910723083,10.411113600182873,0.7885626622791487,6.175851435058736
35,5,0.35256308207517134,0.3663391283247172,0.8166266234822603,0.11096009644846999
35,6,2.0728781740543187,5.276964965388602,0.6092577835677231,0.5456555319864725
35,7,0.15459349524564436,0.059880159448419124,0.8588099750162086,0.10423932734239881
35,8,0.6579622275453778,0.3596280596287973,0.8589839751605866,0.6577352874180388
35,9,1.8065505563059019,6.876105820409672,0.7367450846729192,3.5268349274084656
35,10,0.11392421011971389,0.012369966680520409,0.8511538099431327,0.03942164930667971
35,11,1.5637264283060017,4.924691770424436,0.8364276051490289,4.323235141282122
36,0,0.1813798821771774,0.02399773962847982,0.6660186594971519,0.8299220776973489
36,1,0.25458248740441586,0.17482084450466634,0.9141536979195455,0.0569842091951531
36,2,0.06078092823736452,0.00667479529450553,0.7554346193268582,0.5190995507538173
36,3,0.20951936053734424,0.10118702127547882,0.7168328189169941,0.23925651081907212
36,4,3.794592599849881,22.43593271506631,0.8816866771981916,0.697730932865181
36,5,0.8335501035154153,0.5951310146545755,0.7707021213895597,0.9725750301317133
36,6,1.1272619289106887,1.0815216938847976,0.8572075026661574,1.7374291342086787
36,7,0.3811217482481676,0.09816742081338298,0.8011584326362249,0.2036627877171247
36,8,0.09624727604475138,0.007706084975525246,0.6398961010170388,0.051901756593290146
36,9,2.476783202683105,6.673000960135767,0.7947696169725074,0.8974162393760315
36,10,1.7359992771596522,2.7141892333397277,0.836480422626793,0.6821966498812875
36,11,0.3972855633001569,0.24563972221938551,0.9254835708264453,0.47569937521324457
37,0,0.20530499406996666,0.07817024176814946,0.7991157869051123,0.14018272121730493
37,1,1.3719665594494748,1.1392123461508643,0.6869195716252875,1.5866617218622974
37,2,0.33873679784491717,0.08083440538568713,0.7307485626503416,0.13346429966070136
37,3,0.13148799347046744,0.01452123380672838,0.568852342205211,0.07347708764098311
37,4,1.1780073599838168,0.7111167185924747,0.8984725591109912,0.5432212003935244
37,5,1.8774230744891804,10.132549371798142,0.8804493331591683,5.133140876892448
37,6,0.39940514034242136,0.08982890719451941,0.8897853744597746,0.387937825436893
37,7,0.21002556383607232,0.0847755307106077,0.9240230630766807,0.07799515884105804
37,8,1.2341271356620283,4.637737569945957,0.8160902605921838,6.286033256242121
37,9,0.22963897025532176,0.09072274511730383,0.706142520794433,0.3680106768899038
37,10,1.2806200568415111,2.0584460057773875,0.8857652666029243,0.9546630450490992
37,11,1.7186611396256979,4.23702509371201,0.6986162357427462,5.485892768196872
38,0,0.20932300910058235,0.1211546994515595,0.7896156806911748,0.11359338280058129
38,1,0.7663964033034487,0.4719763307432636,0.7246204352740356,0.2130319671291774
38,2,0.09518252930347422,0.008794683593195147,0.8840332043071384,0.3310451087272564
38,3,0.21484864239537133,0.1189153553580631,0.9009334438357492,0.046271265028589983
38,4,0.22200226463646427,0.03182967073679193,0.897721113242447,0.13845178818507714
38,5,0.4120691704596411,0.1934272334177312,0.6367896367375755,0.1830568077742954
38,6,0.16681382735918426,0.01997534381878933,0.5561566435826104,0.3814020561885523
38,7,1.0179573437828526,0.6934843221785929,0.6749352058028902,0.37360424693583
38,8,0.551577396400877,0.5036057551238922,0.762943050252919,6.695419538029582
38,9,3.3498764515561157,29.23406812463899,0.8226532194343691,14.69693346629022
38,10,2.256429122577074,4.355780978990256,0.6815400697706578,1.2596950244678633
38,11,0.7747430192182774,0.5887891691705941,0.821572151878171,0.8363239322048213
39,0,2.256158929770978,6.817579375195745,0.8504414637212423,0.9555645445002607
39,1,2.423602896259819,5.51336751026784,0.7622121065543055,1.241931385731387
39,2,0.21426690291116252,0.047154575581430366,0.8066286067953504,0.03006732095207948
39,3,0.1713160176666371,0.042447357334869075,0.9155608818370171,0.028695552046104342
39,4,2.82885582563164,23.560137160708166,0.9212460905400046,1.028669527511439
39,5,1.6723350632120915,5.600394509023656,0.6624965171201492,0.19209140160204494
39,6,0.5128992759272772,0.22390782974741708,0.7590649501015003,0.08331355348574329
39,7,1.3912093931359129,2.168584986418515,0.9187387370143263,1.4493123067780422
39,8,3.129892057222754,5.206191387625141,0.630153448819564,3.356227774216129
39,9,2.5782205503580795,8.774485323687145,0.9539099643441901,5.877708271372163
39,10,0.05486589305453808,0.00685701694338414,0.9621626991745116,0.05829699466384224
39,11,0.30041746893648286,0.2560721879291867,0.7776090287695104,0.11801402605173071
40,0,1.9006264637682144,2.7325022069836953,0.6391501775050025,1.1858288620702178
40,1,1.9025027982515184,2.497125841096089,0.866206680400003,1.155112100945103
40,2,0.6583403114309556,0.6801618065163789,0.5773348949749282,0.6309721924911234
40,3,0.05927836666383516,0.004251038597565929,0.7493230175737596,0.013708706117035434
40,4,0.830850320964782,0.8695469685579174,0.7046014765596519,0.19203413169475975
40,5,0.07931131720026033,0.007067764559289928,0.5506681789987573,0.060087363523130356
40,6,0.7384539769075522,0.43076670261139627,0.6431241443942718,0.7170947767258323
40,7,0.8257734850194526,0.427005500381582,0.6105336982030103,0.9232208684806701
40,8,0.1858091972496748,0.07777425344888714,0.6012619603617204,0.1386942959799716
40,9,0.06064996322282746,0.0032600491322799787,0.9136785416270747,0.01621610589730533
40,10,0.3802214458786817,0.3357638385283145,0.6052233056149957,0.7029045249231943
40,11,0.05966813556910292,0.006976526797025639,0.964349289650666,0.05145301381568192
41,0,2.5972918298480434,10.495878936040707,0.8353252822771886,2.8417055491495167
41,1,0.44956534995917774,0.13024677284482578,0.8795113512754014,0.14624122917854737
41,2,0.1330670269844007,0.01093943118591003,0.8178591850178365,0.12591898349007058
41,3,0.20417912988651413,0.047816681820335175,0.5942374825343011,0.29820900011634877
41,4,0.06738248842583648,0.003199941867612459,0.9105569388381219,0.05383194336836928
41,5,0.697788909723323,0.5184266093719607,0.7847924809621633,1.163956576519899
41,6,2.647021384302749,9.603605836356788,0.6035479185682533,0.6964086267392461
41,7,0.5189466492706201,0.4757581822196616,0.8853615844034686,0.32644340846491215
41,8,0.10369537904858689,0.03421443382231588,0.8186234996670023,0.014121762844109495
41,9,0.06539614144509655,0.00848134725489873,0.7865371416435294,0.022192362557765896
41,10,0.07390044529325676,0.017217710804277163,0.8646929439029701,0.0033366307062476933
41,11,0.7953070666427721,1.4918465589072953,0.5719341553144438,0.3352956530073488
42,0,0.23941453181080427,0.0943004559380579,0.6293811610665104,0.09898690831320987
42,1,0.6479286082421254,0.5073754481974828,0.5563058555173018,0.8952151719894191
42,2,0.1379869044806893,0.011743316142504793,0.7237399997292044,0.27528509146931784
42,3,2.067247490938016,2.2224740626946407,0.8079997719445058,2.291802217387851
42,4,2.1989859885421796,11.721915946056818,0.5932774167800973,0.8334986029970013
42,5,1.5543287761746558,3.4681448448692946,0.7674851057298139,2.24616956614093
42,6,0.21064991868620514,0.04025399695926006,0.6408642088889642,0.07467160231756761
42,7,0.3411634713165128,0.2600225311454559,0.8588458080856094,0.06013124725235855
42,8,0.20725284490598592,0.03466987219556658,0.9588103161767296,0.14719686928197753
42,9,0.18842879783266184,0.07012928029155457,0.5682802826318135,0.018262457342316598
42,10,3.245439394863762,5.73179818064777,0.5823641706938996,4.6701587660644535
42,11,0.12417992049271762,0.050313691906745964,0.8321251404588391,0.02019491273924981
43,0,0.10408965623157254,0.029757904687855115,0.6111799479832672,0.012038719368563865
43,1,0.6639887576750889,0.8265999046950643,0.867109686439997,0.7496405868952764
43,2,0.12255405444049093,0.010352729361507919,0.6454745581263089,0.1532645005482186
43,3,0.1498999798961679,0.02520054058107478,0.9671281927922737,0.032734974666625616
43,4,3.5202611091744442,38.47571419059134,0.6202995475182678,8.124931452100727
43,5,0.15743789882123416,0.021677485628882866,0.6971488955236929,0.05548348952053635
43,6,0.4404389054753608,0.5922026556637842,0.715132824376269,0.08853267631468308
43,7,0.11711311709774434,0.03955302675493901,0.8364406756210854,0.18496047488108755
43,8,1.9523497976179884,6.769333189485698,0.9217703830866024,1.1877987694991854
43,9,1.7240451425718524,4.481460469290251,0.7955972317324134,1.5712300612117753
43,10,0.5306544739741322,0.8936851832948287,0.5813550043009559,0.10540299330954513
43,11,0.6506837017764221,1.0725344698882915,0.6778773868600017,0.14173889702780262
44,0,0.05278519706525755,0.0018222337155607287,0.8325361922448504,0.033933766341931466
44,1,0.2177613617004486,0.0679750697319289,0.8232016040932923,0.10282988036749871
44,2,0.7879287754424488,0.455717300024287,0.8439203610212915,1.038886278502576
44,3,0.17659840942909752,0.08545489608389568,0.8491988016081895,0.04775014047092138
44,4,0.053514118291057365,0.004500611920259178,0.8745303121474124,0.14553909609684854
44,5,0.2158956925843604,0.05725498492393027,0.6398502407444222,0.12027573060369491
44,6,0.27731117073217976,0.15062928672465742,0.6957584006834511,0.18074470866515638
44,7,3.3515913524376666,31.49134182233894,0.7582511949842292,0.16504831298821412
44,8,2.2709075448911515,6.402922369729582,0.9010147534313077,1.143562177776071
44,9,1.595606493099521,3.211614475112245,0.9489802490072694,3.2325970910722206
44,10,0.44509745139343165,0.10984083019449892,0.6875724967696462,0.21002053077415686
44,11,3.4217721518647384,6.112242524763722,0.9566429731030142,0.7642518250301217
45,0,2.0591881087810555,7.96407209124728,0.8744569345910009,1.343190441054215
45,1,0.5521914476011285,0.5233891800847414,0.8068991497700028,0.3490958432032827
45,2,0.23272231302952906,0.04499817583593616,0.8956971338477464,0.16518331336817813
45,3,0.37825205885838353,0.44767775300771884,0.8673028124543473,0.1329044409409116
45,4,0.07693896592360322,0.005972903605801996,0.7118064833872889,0.028476579533017472
45,5,0.17441727705702328,0.03164510437621322,0.7197185379003472,0.4049331212775387
45,6,0.08631952332333444,0.012931489417668487,0.9542707878125402,0.02168849470770455
45,7,0.5107160508973613,0.3751980796412743,0.8852402450864352,0.23149878612433566
45,8,0.08775653938430923,0.011332774710103272,0.5943503199244308,0.0720285853117735
45,9,0.08565943445194836,0.0068939353242325665,0.7472523736177087,0.020403439807123804
45,10,1.5050253488721932,1.5658789177817836,0.7190847898620725,1.619823609567767
45,11,1.631928280045335,2.5764809099016968,0.7571888003572541,0.9994126671536278
46,0,0.07349822286553509,0.003849046434891308,0.684291692728876,0.06042739994805319
46,1,0.31867420155966336,0.2757204816584951,0.7941388954568528,0.295381894181529
46,2,0.21883840444959332,0.11740780794379639,0.7905166283486016,0.16755726046617686
46,3,0.1970365464270452,0.057446231003524306,0.5716845560593697,0.49143719058888363
46,4,1.4976781049408803,4.639677121099973,0.7484090921671396,0.28448230713576167
46,5,1.915984082312072,2.1123000109374703,0.6590525307064407,2.500568195787884
46,6,0.05513758949833791,0.002101226685014401,0.7174207904515939,0.029728187859172382
46,7,0.1340044447106361,0.05579994786003584,0.5961237953493954,0.02389340097527669
46,8,0.12534931593737064,0.009241542310292814,0.788021512648849,0.10836107237431104
46,9,0.7436631390792388,0.5747530799884899,0.5729907893013686,0.20427793831283314
46,10,0.48455624427995386,0.12373881926101726,0.8104008072677016,0.48449102000647903
46,11,0.26465474496737396,0.0553911037815424,0.7346086293624617,0.42628355249176947
47,0,0.5650279829250693,0.47514555547090126,0.8869546745906012,0.1819167714007436
47,1,0.1634730424932896,0.08141220306932649,0.7149996604034344,0.01576227794670547
47,2,1.441098254230934,1.4149538105589645,0.7153953407254623,2.8404629025258505
47,3,3.88577017467352,19.303494698208155,0.7014725356691263,1.2312410193825976
47,4,0.08575547956837472,0.020440407638587895,0.6901137137255756,0.020757846698718618
47,5,0.16912840282260763,0.040967712450701174,0.7383671023334865,0.08997013172102439
47,6,0.6235964557727354,0.5259314641146546,0.6701033740014308,2.8211703997642172
47,7,0.6134790107651796,1.0338726678445913,0.6966833448592737,0.3319112921763779
47,8,0.1123192916551702,0.02357446785496467,0.657325650882652,0.5334832377019894
47,9,2.385173797282011,8.781055930700354,0.5993353009218517,4.447544458263272
47,10,1.3544215830078339,5.1586576554282875,0.7973680067907998,0.6329402922664659
47,11,0.06376909436739092,0.004469970537553353,0.8842661151673372,0.05883091913051245
